<launch>
  <group>
    <include file="$(find-pkg-share gazebo_ros)/launch/gazebo.launch.py"/>
  </group>

  <node pkg='robot_state_publisher' exec='robot_state_publisher' output='screen'>
    <param name='robot_description' value="$(command 'cat $(find-pkg-share numberbot)/urdf/numberbot.urdf')" type="str"/>
  </node>

  <node pkg='numberbot' exec='spawn_numberbot' output='screen'/>

  <executable cmd="ros2 control load_controller --set-state active joint_state_broadcaster" output='screen'/>
  <executable cmd="ros2 control load_controller --set-state active joint_trajectory_controller" output='screen'/>
</launch>

